2019-03-20,52.75,53.5,49.5,49.79999923706055,2350800.0,44.805233001708984
2019-03-21,49.9900016784668,50.0,48.20000076293945,48.97999954223633,1764700.0,44.067474365234375
2019-03-22,48.79999923706055,49.95000076293945,48.15999984741211,48.599998474121094,844700.0,43.7255859375
2019-03-25,48.599998474121094,49.400001525878906,48.0,49.150001525878906,440900.0,44.22043228149414
2019-03-26,49.0,49.75,48.18000030517578,48.849998474121094,504700.0,43.95051574707031
2019-03-27,49.0,50.779998779296875,49.0,50.099998474121094,1788600.0,45.075138092041016
2019-03-28,50.900001525878906,51.0,49.915000915527344,50.849998474121094,585400.0,45.74992752075195
2019-03-29,49.52000045776367,52.47999954223633,49.18000030517578,51.630001068115234,1769000.0,46.451690673828125
2019-04-01,52.29999923706055,54.38999938964844,51.25,53.5,19663400.0,48.134132385253906
2019-04-02,55.119998931884766,57.38999938964844,54.29999923706055,56.25,17414200.0,50.60831832885742
2019-04-03,57.08000183105469,57.20000076293945,55.5099983215332,56.880001068115234,15066200.0,51.175132751464844
2019-04-04,57.20000076293945,60.52000045776367,57.099998474121094,59.709999084472656,13309200.0,53.721290588378906
2019-04-05,58.38999938964844,58.97999954223633,56.27000045776367,57.2400016784668,17000800.0,51.499027252197266
2019-04-08,56.5,58.38999938964844,56.27000045776367,57.150001525878906,10764600.0,51.41805648803711
2019-04-09,56.79999923706055,57.20000076293945,56.08000183105469,56.27000045776367,9179900.0,50.62631607055664
2019-04-10,55.9900016784668,56.40999984741211,55.099998474121094,55.709999084472656,9081900.0,50.12248229980469
2019-04-11,55.70000076293945,56.209999084472656,54.83000183105469,54.88999938964844,7346100.0,49.38472366333008
2019-04-12,55.93000030517578,58.33000183105469,55.93000030517578,58.29999923706055,9281700.0,52.45271301269531
2019-04-15,58.56999969482422,58.849998474121094,57.290000915527344,57.779998779296875,5727300.0,51.98486328125
2019-04-16,58.709999084472656,58.9900016784668,57.84000015258789,58.5,6681600.0,52.632652282714844
2019-04-17,58.95000076293945,59.04999923706055,58.20000076293945,58.31999969482422,6420700.0,52.470703125
2019-04-18,58.36000061035156,58.61000061035156,57.54999923706055,57.77000045776367,5178800.0,51.97587585449219
2019-04-22,57.47999954223633,58.40999984741211,57.2599983215332,57.88999938964844,4401700.0,52.08383560180664
2019-04-23,57.290000915527344,57.84000015258789,57.0,57.63999938964844,5687200.0,51.858909606933594
2019-04-24,57.4900016784668,57.88999938964844,55.8650016784668,55.97999954223633,5431300.0,50.36539840698242
2019-04-25,55.7599983215332,55.97999954223633,54.81999969482422,55.33000183105469,6260500.0,49.78059387207031
2019-04-26,55.29999923706055,55.599998474121094,54.95000076293945,55.25,4009800.0,49.708614349365234
2019-04-29,55.04999923706055,55.685001373291016,54.79999923706055,55.5,5935200.0,49.93354034423828
2019-04-30,55.7599983215332,57.20500183105469,55.599998474121094,56.72999954223633,6454100.0,51.04017639160156
2019-05-01,56.81999969482422,57.47999954223633,55.880001068115234,56.130001068115234,7644400.0,50.5003547668457
2019-05-02,55.540000915527344,56.4900016784668,52.029998779296875,52.70000076293945,13932700.0,47.41437911987305
2019-05-03,53.20000076293945,53.349998474121094,51.720001220703125,53.29999923706055,7401700.0,47.954200744628906
2019-05-06,52.150001525878906,54.029998779296875,51.70000076293945,53.459999084472656,6089500.0,48.09814453125
2019-05-07,52.86000061035156,53.32500076293945,52.650001525878906,52.95000076293945,7330800.0,47.63930130004883
2019-05-08,53.33000183105469,53.39500045776367,52.310001373291016,52.47999954223633,5390700.0,47.21643829345703
2019-05-09,52.2599983215332,53.13999938964844,51.54999923706055,52.93000030517578,4579700.0,47.621307373046875
2019-05-10,52.939998626708984,53.7140007019043,52.4900016784668,53.06999969482422,4758100.0,47.74726104736328
2019-05-13,52.279998779296875,52.54999923706055,50.7599983215332,50.95000076293945,4213100.0,45.83989334106445
2019-05-14,51.33000183105469,53.0,50.84000015258789,52.47999954223633,4204500.0,47.21643829345703
2019-05-15,51.97999954223633,53.32500076293945,51.66999816894531,52.95000076293945,2928700.0,47.63930130004883
2019-05-16,53.290000915527344,53.54999923706055,52.72999954223633,52.97999954223633,3689700.0,47.66628646850586
2019-05-17,52.34000015258789,52.52000045776367,50.65999984741211,50.79999923706055,4440800.0,45.70493698120117
2019-05-20,50.400001525878906,50.540000915527344,49.91999816894531,50.08000183105469,5168400.0,45.05714797973633
2019-05-21,50.279998779296875,51.189998626708984,50.02000045776367,50.630001068115234,4968400.0,45.5519905090332
2019-05-22,50.459999084472656,50.61000061035156,49.96500015258789,50.209999084472656,3019100.0,45.174110412597656
2019-05-23,49.5,49.86000061035156,48.209999084472656,48.709999084472656,4919200.0,43.824554443359375
2019-05-24,49.38999938964844,49.57500076293945,48.439998626708984,49.20000076293945,2918400.0,44.26540756225586
2019-05-28,49.369998931884766,49.43000030517578,48.099998474121094,48.560001373291016,6613000.0,43.68960189819336
2019-05-29,48.20000076293945,49.43000030517578,48.0099983215332,48.709999084472656,3525900.0,43.824554443359375
2019-05-30,48.119998931884766,48.59000015258789,48.02000045776367,48.470001220703125,3777600.0,44.24445724487305
2019-05-31,47.959999084472656,48.0,46.75,46.7599983215332,3396900.0,42.683528900146484
2019-06-03,46.849998474121094,47.959999084472656,46.849998474121094,47.959999084472656,5905200.0,43.778907775878906
2019-06-04,48.68000030517578,49.93000030517578,48.63999938964844,49.93000030517578,7043000.0,45.577171325683594
2019-06-05,50.4900016784668,50.56999969482422,49.04999923706055,50.34000015258789,6413300.0,45.95143127441406
2019-06-06,50.279998779296875,51.310001373291016,50.150001525878906,51.060001373291016,6228100.0,46.60866165161133
2019-06-07,51.130001068115234,51.689998626708984,50.869998931884766,51.29999923706055,5391100.0,46.827735900878906
2019-06-10,51.720001220703125,52.099998474121094,51.58000183105469,51.619998931884766,5434400.0,47.11983871459961
2019-06-11,52.0,52.16999816894531,51.560001373291016,52.040000915527344,5144300.0,47.50322723388672
2019-06-12,52.060001373291016,52.63999938964844,51.68000030517578,52.4900016784668,3103900.0,47.91400146484375
2019-06-13,52.68000030517578,52.95000076293945,52.040000915527344,52.880001068115234,4179800.0,48.269989013671875
2019-06-14,52.630001068115234,52.689998626708984,51.0,51.150001525878906,3919300.0,46.690818786621094
2019-06-17,50.060001373291016,50.33000183105469,49.04999923706055,49.349998474121094,5787300.0,45.0477294921875
2019-06-18,49.75,50.56999969482422,49.400001525878906,49.61000061035156,5014200.0,45.28506851196289
2019-06-19,49.95000076293945,50.2400016784668,48.33000183105469,48.5,5404000.0,44.27183532714844
2019-06-20,49.095001220703125,49.59000015258789,48.619998931884766,48.93000030517578,4228300.0,44.66435241699219
2019-06-21,48.81999969482422,49.27000045776367,48.310001373291016,48.36000061035156,9478500.0,44.144046783447266
2019-06-24,48.5099983215332,49.70000076293945,48.31999969482422,49.58000183105469,4602300.0,45.257686614990234
2019-06-25,49.4900016784668,50.222999572753906,49.04999923706055,49.689998626708984,4005200.0,45.35809326171875
2019-06-26,49.849998474121094,51.220001220703125,49.810001373291016,50.45000076293945,5244400.0,46.05183410644531
2019-06-27,50.61000061035156,51.13999938964844,50.53099822998047,50.90999984741211,4097200.0,46.47173309326172
2019-06-28,51.040000915527344,51.20000076293945,49.08000183105469,49.310001373291016,6507400.0,45.01122283935547
2019-07-01,50.0,50.20000076293945,49.52000045776367,50.15999984741211,4659600.0,45.7871208190918
2019-07-02,50.0,50.060001373291016,48.7599983215332,49.400001525878906,4725800.0,45.09337615966797
2019-07-03,49.459999084472656,49.650001525878906,49.20000076293945,49.33000183105469,2479400.0,45.029476165771484
2019-07-05,49.0099983215332,49.369998931884766,48.959999084472656,49.310001373291016,2529800.0,45.01122283935547
2019-07-08,49.34000015258789,49.5,48.3849983215332,48.52000045776367,5936000.0,44.29009246826172
2019-07-09,48.29999923706055,48.43000030517578,47.5,47.869998931884766,4967400.0,43.69676208496094
2019-07-10,48.34000015258789,48.41999816894531,47.52000045776367,47.54999923706055,3507400.0,43.404659271240234
2019-07-11,47.72999954223633,48.060001373291016,47.18000030517578,47.779998779296875,4202000.0,43.61460494995117
2019-07-12,48.459999084472656,50.040000915527344,48.08000183105469,49.709999084472656,4328400.0,45.37635040283203
2019-07-15,49.77000045776367,50.95000076293945,49.65999984741211,50.93000030517578,4923800.0,46.489990234375
2019-07-16,50.95000076293945,52.64500045776367,50.95000076293945,52.31999969482422,6011200.0,47.75880813598633
2019-07-17,52.15999984741211,52.29999923706055,51.22999954223633,51.599998474121094,4417500.0,47.101585388183594
2019-07-18,51.54999923706055,52.04999923706055,51.279998779296875,51.75,3662600.0,47.23851013183594
2019-07-19,51.77000045776367,51.83000183105469,51.5,51.52000045776367,3221500.0,47.028560638427734
2019-07-22,51.50400161743164,51.56999969482422,50.599998474121094,50.880001068115234,2814900.0,46.44435119628906
2019-07-23,51.0,52.900001525878906,50.95000076293945,52.619998931884766,4387700.0,48.03266143798828
2019-07-24,52.5,52.9900016784668,52.040000915527344,52.790000915527344,3516400.0,48.18783950805664
2019-07-25,51.63999938964844,51.9900016784668,50.29999923706055,50.77000045776367,4254600.0,46.34394073486328
2019-07-26,50.27000045776367,50.29999923706055,48.91999816894531,49.11000061035156,5066000.0,44.82865905761719
2019-07-29,48.52000045776367,48.880001068115234,47.97999954223633,48.04999923706055,4219800.0,43.86106872558594
2019-07-30,47.779998779296875,48.439998626708984,47.779998779296875,48.400001525878906,4194300.0,44.18055725097656
2019-07-31,48.4900016784668,49.43000030517578,47.95000076293945,48.439998626708984,5188500.0,44.21706008911133
2019-08-01,48.150001525878906,48.599998474121094,46.779998779296875,46.849998474121094,5803200.0,42.76567840576172
2019-08-02,46.689998626708984,47.5,45.369998931884766,45.599998474121094,5346400.0,41.62465286254883
2019-08-05,45.060001373291016,45.130001068115234,44.06999969482422,44.77000045776367,5147300.0,40.86701583862305
2019-08-06,45.11000061035156,45.45000076293945,43.73500061035156,44.43000030517578,4702800.0,40.55665588378906
2019-08-07,44.099998474121094,45.0,43.90999984741211,44.88999938964844,4490100.0,40.97654724121094
2019-08-08,45.196998596191406,46.81999969482422,45.189998626708984,46.790000915527344,4573400.0,42.71091842651367
2019-08-09,46.41999816894531,46.9900016784668,46.099998474121094,46.63999938964844,4468000.0,42.57399368286133
2019-08-12,46.38999938964844,46.79999923706055,45.52000045776367,45.689998626708984,4491600.0,41.706809997558594
2019-08-13,45.779998779296875,47.7599983215332,45.58000183105469,46.849998474121094,5407300.0,42.76567840576172
2019-08-14,45.79999923706055,46.150001525878906,44.0,44.08000183105469,6178300.0,40.23716735839844
2019-08-15,44.34000015258789,44.369998931884766,42.959999084472656,43.380001068115234,3494600.0,39.59819793701172
2019-08-16,43.290000915527344,44.810001373291016,42.77000045776367,44.5099983215332,4586000.0,40.62967300415039
2019-08-19,45.36000061035156,45.862998962402344,45.150001525878906,45.599998474121094,3615500.0,41.62465286254883
2019-08-20,45.25,45.25,43.06999969482422,43.15999984741211,5972800.0,39.397369384765625
2019-08-21,43.849998474121094,44.2400016784668,43.2400016784668,43.279998779296875,4397800.0,39.50690460205078
2019-08-22,43.31999969482422,43.900001525878906,42.02000045776367,42.04999923706055,6072100.0,38.38414001464844
2019-08-23,42.0,42.02000045776367,40.439998626708984,40.709999084472656,6696800.0,37.16095733642578
2019-08-26,41.27000045776367,41.349998474121094,40.61000061035156,40.81999969482422,3402400.0,37.2613639831543
2019-08-27,41.189998626708984,41.72999954223633,40.91899871826172,41.16999816894531,4152200.0,37.58085632324219
2019-08-28,41.150001525878906,42.63999938964844,40.7599983215332,42.52000045776367,4539300.0,38.81316375732422
2019-08-29,42.33000183105469,43.0,42.209999084472656,42.369998931884766,3292500.0,39.3236198425293
2019-08-30,42.83000183105469,43.0,42.27000045776367,42.630001068115234,4099200.0,39.5649299621582
2019-09-03,42.13999938964844,42.22999954223633,41.150001525878906,41.79999923706055,3343300.0,38.79460906982422
2019-09-04,42.59000015258789,42.790000915527344,41.849998474121094,42.540000915527344,2651400.0,39.48139953613281
2019-09-05,43.150001525878906,43.970001220703125,43.09000015258789,43.36000061035156,4041400.0,40.2424430847168
2019-09-06,43.540000915527344,43.65999984741211,42.65999984741211,43.2400016784668,3217900.0,40.131072998046875
2019-09-09,43.529998779296875,44.62699890136719,43.2599983215332,44.45000076293945,3848000.0,41.25407409667969
2019-09-10,45.099998474121094,46.369998931884766,44.779998779296875,46.31999969482422,4704000.0,42.98961639404297
2019-09-11,46.52000045776367,47.04999923706055,45.58000183105469,46.880001068115234,4445000.0,43.50935363769531
2019-09-12,47.06999969482422,47.189998626708984,45.56999969482422,46.970001220703125,3649700.0,43.59288787841797
2019-09-13,47.63999938964844,48.439998626708984,47.25,48.20000076293945,4027600.0,44.73445129394531
2019-09-16,48.689998626708984,49.97999954223633,48.279998779296875,49.0099983215332,5040600.0,45.4862060546875
2019-09-17,48.66999816894531,49.09000015258789,47.61000061035156,48.0,3741900.0,44.548831939697266
2019-09-18,47.900001525878906,47.900001525878906,47.02000045776367,47.5099983215332,2588200.0,44.09405517578125
2019-09-19,48.119998931884766,48.40999984741211,47.4900016784668,47.63999938964844,2418300.0,44.21471405029297
2019-09-20,47.470001220703125,48.849998474121094,47.06999969482422,48.209999084472656,10570400.0,44.74372482299805
2019-09-23,47.38999938964844,48.21500015258789,47.119998931884766,47.90999984741211,3599400.0,44.46529769897461
2019-09-24,47.779998779296875,48.0,45.95000076293945,46.599998474121094,4515300.0,43.249488830566406
2019-09-25,46.54999923706055,47.970001220703125,46.130001068115234,47.68000030517578,4396200.0,44.25183868408203
2019-09-26,47.5099983215332,47.689998626708984,46.933998107910156,47.22999954223633,2994200.0,43.834190368652344
2019-09-27,47.400001525878906,47.880001068115234,47.0099983215332,47.06999969482422,3722300.0,43.685691833496094
2019-09-30,47.2599983215332,47.790000915527344,47.11000061035156,47.650001525878906,2512200.0,44.2239875793457
2019-10-01,47.939998626708984,48.56999969482422,45.900001525878906,45.970001220703125,3838400.0,42.66477966308594
2019-10-02,44.66999816894531,45.16999816894531,44.36000061035156,44.93000030517578,4759500.0,41.699562072753906
2019-10-03,44.849998474121094,45.38999938964844,44.369998931884766,45.310001373291016,3422400.0,42.052242279052734
2019-10-04,45.18000030517578,45.779998779296875,45.0099983215332,45.34000015258789,3512300.0,42.080078125
2019-10-07,45.08000183105469,45.77000045776367,44.76499938964844,45.16999816894531,2977900.0,41.92230224609375
2019-10-08,44.75,45.04999923706055,43.83000183105469,43.849998474121094,2985900.0,40.697208404541016
2019-10-09,44.38999938964844,44.540000915527344,44.0,44.0099983215332,2844600.0,40.845703125
2019-10-10,44.33000183105469,45.290000915527344,44.02000045776367,44.91999816894531,4325000.0,41.690277099609375
2019-10-11,45.75,47.720001220703125,45.50299835205078,47.130001068115234,3675700.0,43.74138259887695
2019-10-14,46.720001220703125,47.27000045776367,46.2400016784668,46.81999969482422,3196500.0,43.45366668701172
2019-10-15,46.81999969482422,48.099998474121094,46.529998779296875,47.20000076293945,3216800.0,43.80634689331055
2019-10-16,47.4900016784668,47.91999816894531,47.0099983215332,47.119998931884766,3626900.0,43.73210144042969
2019-10-17,47.439998626708984,48.540000915527344,47.13999938964844,47.810001373291016,2724400.0,44.37248611450195
2019-10-18,47.90999984741211,48.191001892089844,47.36000061035156,47.959999084472656,2757600.0,44.51169967651367
2019-10-21,48.59000015258789,48.970001220703125,47.09000015258789,47.119998931884766,3967000.0,43.73210144042969
2019-10-22,47.08000183105469,47.38399887084961,46.02000045776367,46.81999969482422,4645400.0,43.45366668701172
2019-10-23,46.779998779296875,47.5099983215332,46.54999923706055,47.22999954223633,4152000.0,43.834190368652344
2019-10-24,48.650001525878906,49.9900016784668,47.84000015258789,49.470001220703125,6098900.0,45.91313171386719
2019-10-25,49.779998779296875,50.7599983215332,48.900001525878906,50.47999954223633,5361100.0,46.850521087646484
2019-10-28,50.75,51.439998626708984,50.43000030517578,51.209999084472656,4504100.0,47.52802658081055
2019-10-29,50.959999084472656,51.630001068115234,50.369998931884766,51.4900016784668,3462100.0,47.787899017333984
2019-10-30,51.20000076293945,51.470001220703125,50.33000183105469,51.029998779296875,3602100.0,47.36096954345703
2019-10-31,50.880001068115234,51.029998779296875,49.709999084472656,50.4900016784668,3744000.0,46.85980224609375
2019-11-01,50.97999954223633,52.4900016784668,50.900001525878906,52.310001373291016,3207100.0,48.54894256591797
2019-11-04,52.650001525878906,54.40999984741211,52.459999084472656,54.16999816894531,5430200.0,50.275203704833984
2019-11-05,54.0099983215332,55.0,53.650001525878906,54.20000076293945,6044500.0,50.30305099487305
2019-11-06,54.15999984741211,54.7400016784668,53.810001373291016,54.279998779296875,3847000.0,50.377296447753906
2019-11-07,54.939998626708984,55.939998626708984,54.41999816894531,55.79999923706055,5974300.0,51.78800964355469
2019-11-08,55.5,55.9900016784668,55.02000045776367,55.9900016784668,4812000.0,51.96435546875
2019-11-11,55.54999923706055,56.25,55.220001220703125,55.810001373291016,3184900.0,51.79729461669922
2019-11-12,56.0,56.11000061035156,54.529998779296875,55.15999984741211,2742700.0,51.19403076171875
2019-11-13,54.189998626708984,54.47999954223633,53.459999084472656,53.65999984741211,3426000.0,49.8018798828125
2019-11-14,53.29999923706055,54.13999938964844,53.150001525878906,53.95000076293945,2595500.0,50.07102966308594
2019-11-15,54.27000045776367,55.290000915527344,54.13999938964844,54.86000061035156,3865000.0,50.91559982299805
2019-11-18,54.75,54.90999984741211,54.119998931884766,54.31999969482422,3439900.0,50.41442108154297
2019-11-19,54.810001373291016,54.810001373291016,52.790000915527344,53.38999938964844,5208300.0,49.55128860473633
2019-11-20,53.13999938964844,53.45000076293945,52.099998474121094,52.66999816894531,5394100.0,48.883056640625
2019-11-21,52.709999084472656,53.91999816894531,52.349998474121094,53.880001068115234,4618400.0,50.00605773925781
2019-11-22,53.97999954223633,54.65999984741211,53.599998474121094,54.20000076293945,3115600.0,50.30305099487305
2019-11-25,54.81999969482422,55.22999954223633,54.36000061035156,55.20000076293945,5073700.0,51.23115158081055
2019-11-26,55.25,55.75,54.81999969482422,55.369998931884766,4643800.0,51.3889274597168
2019-11-27,54.68000030517578,54.900001525878906,53.900001525878906,54.279998779296875,3926000.0,51.022335052490234
2019-11-29,54.0099983215332,54.279998779296875,53.119998931884766,53.369998931884766,1887600.0,50.16695022583008
2019-12-02,53.0,53.75,52.88999938964844,53.15999984741211,3349500.0,49.96955108642578
2019-12-03,51.959999084472656,52.0099983215332,51.04999923706055,51.81999969482422,3950100.0,48.7099723815918
2019-12-04,53.4900016784668,53.4900016784668,52.209999084472656,52.279998779296875,3791400.0,49.14236068725586
2019-12-05,52.529998779296875,52.650001525878906,51.68000030517578,52.0,2692600.0,48.879173278808594
2019-12-06,52.59000015258789,53.75,52.59000015258789,53.220001220703125,2818800.0,50.02595138549805
2019-12-09,53.959999084472656,53.97999954223633,52.9900016784668,53.27000045776367,2377200.0,50.07295227050781
2019-12-10,53.36000061035156,53.38999938964844,52.689998626708984,53.130001068115234,2609700.0,49.94135284423828
2019-12-11,53.5,54.06999969482422,53.04999923706055,53.099998474121094,3253300.0,49.913150787353516
2019-12-12,53.25,54.58000183105469,52.81999969482422,54.45000076293945,2882300.0,51.18212890625
2019-12-13,54.63999938964844,54.81999969482422,53.25,53.279998779296875,3198600.0,50.08234786987305
2019-12-16,53.61000061035156,54.540000915527344,53.5099983215332,54.16999816894531,4040000.0,50.9189338684082
2019-12-17,54.099998474121094,54.7400016784668,53.93000030517578,54.65999984741211,2665300.0,51.3795280456543
2019-12-18,54.36000061035156,54.689998626708984,53.540000915527344,54.25,3659100.0,50.994136810302734
2019-12-19,54.43000030517578,54.869998931884766,54.060001373291016,54.52000045776367,3356000.0,51.247928619384766
2019-12-20,55.04999923706055,55.25,54.02000045776367,54.61000061035156,10476700.0,51.33252716064453
2019-12-23,54.4900016784668,55.04999923706055,54.220001220703125,54.93000030517578,2678600.0,51.633323669433594
2019-12-24,55.0,55.25,54.650001525878906,54.900001525878906,926200.0,51.605125427246094
2019-12-26,54.97999954223633,55.22999954223633,54.52000045776367,55.220001220703125,1909600.0,51.90591812133789
2019-12-27,55.290000915527344,55.54999923706055,54.720001220703125,54.83000183105469,1688500.0,51.53932571411133
2019-12-30,54.86000061035156,55.04999923706055,54.2400016784668,54.34000015258789,1943300.0,51.0787353515625
2019-12-31,54.02000045776367,54.779998779296875,53.93000030517578,54.72999954223633,2145700.0,51.4453239440918
2020-01-02,55.22999954223633,55.540000915527344,53.63999938964844,53.75,5145200.0,50.524139404296875
2020-01-03,53.11000061035156,53.599998474121094,52.40999984741211,52.41999816894531,5004300.0,49.27396011352539
2020-01-06,52.31999969482422,52.880001068115234,52.0,52.209999084472656,4293100.0,49.07656478881836
2020-01-07,52.290000915527344,53.064998626708984,51.9900016784668,52.189998626708984,5122800.0,49.05776596069336
2020-01-08,52.40999984741211,53.16999816894531,51.91999816894531,52.72999954223633,3629700.0,49.56535720825195
2020-01-09,52.75,53.06999969482422,51.810001373291016,52.189998626708984,2667800.0,49.05776596069336
2020-01-10,52.86000061035156,52.869998931884766,51.400001525878906,51.5,3277300.0,48.4091796875
2020-01-13,51.5,52.400001525878906,51.470001220703125,52.349998474121094,2665500.0,49.20816421508789
2020-01-14,52.189998626708984,52.970001220703125,51.95000076293945,52.2400016784668,3689800.0,49.10476303100586
2020-01-15,52.189998626708984,52.650001525878906,51.70000076293945,52.27000045776367,2235400.0,49.13296890258789
2020-01-16,52.58000183105469,52.869998931884766,52.16999816894531,52.47999954223633,3765600.0,49.33036422729492
2020-01-17,52.529998779296875,53.36000061035156,52.42499923706055,53.34000015258789,3897500.0,50.13874816894531
2020-01-21,52.97999954223633,53.150001525878906,52.20000076293945,52.599998474121094,4156000.0,49.44316101074219
2020-01-22,52.72999954223633,52.79999923706055,50.68199920654297,50.869998931884766,5149600.0,47.816986083984375
2020-01-23,50.220001220703125,50.75,49.150001525878906,50.25,5797600.0,47.23419952392578
2020-01-24,49.880001068115234,50.27000045776367,48.040000915527344,48.4900016784668,5919300.0,45.579830169677734
2020-01-27,47.310001373291016,47.58000183105469,46.63999938964844,47.18000030517578,4827000.0,44.34844970703125
2020-01-28,47.400001525878906,47.720001220703125,47.02000045776367,47.15999984741211,5813800.0,44.32965087890625
2020-01-29,48.97999954223633,49.95000076293945,48.599998474121094,49.66999816894531,6828000.0,46.68901062011719
2020-01-30,48.310001373291016,48.97999954223633,47.65999984741211,48.470001220703125,5644800.0,45.56102752685547
2020-01-31,47.70000076293945,47.8650016784668,45.91999816894531,46.06999969482422,7532200.0,43.30506134033203
2020-02-03,46.310001373291016,46.970001220703125,45.72999954223633,46.7400016784668,6366300.0,43.93485641479492
2020-02-04,47.650001525878906,48.380001068115234,47.439998626708984,48.04999923706055,5287000.0,45.16623306274414
2020-02-05,48.880001068115234,49.7400016784668,48.52000045776367,49.61000061035156,5403200.0,46.63261032104492
2020-02-06,49.61000061035156,49.65999984741211,48.560001373291016,49.20000076293945,5985200.0,46.24721908569336
2020-02-07,48.540000915527344,48.540000915527344,47.45000076293945,48.029998779296875,3802100.0,45.147430419921875
2020-02-10,47.79999923706055,48.720001220703125,47.79999923706055,48.189998626708984,2488300.0,45.297828674316406
2020-02-11,48.540000915527344,50.0099983215332,48.5,48.790000915527344,3705400.0,45.86182403564453
2020-02-12,49.689998626708984,50.369998931884766,48.9900016784668,49.380001068115234,2964200.0,46.416412353515625
2020-02-13,48.900001525878906,48.9900016784668,48.02000045776367,48.29999923706055,3302600.0,45.4012336730957
2020-02-14,48.5099983215332,48.939998626708984,48.380001068115234,48.630001068115234,3207000.0,45.71142578125
2020-02-18,48.189998626708984,48.52000045776367,47.229000091552734,47.7400016784668,3594300.0,44.874839782714844
2020-02-19,47.81999969482422,48.290000915527344,47.40999984741211,47.560001373291016,5644900.0,44.70563888549805
2020-02-20,47.52000045776367,48.810001373291016,47.439998626708984,48.7599983215332,4154200.0,45.833621978759766
2020-02-21,48.58000183105469,48.77000045776367,48.08000183105469,48.29999923706055,3972800.0,45.4012336730957
2020-02-24,46.61000061035156,47.040000915527344,45.79999923706055,46.2400016784668,5075900.0,43.46486282348633
2020-02-25,46.5,46.53499984741211,43.58000183105469,43.95000076293945,5529300.0,41.31230163574219
2020-02-26,44.45000076293945,44.880001068115234,43.02000045776367,43.04999923706055,6470700.0,40.466312408447266
2020-02-27,41.33000183105469,41.459999084472656,39.5,39.54999923706055,10009300.0,37.790855407714844
2020-02-28,38.119998931884766,40.4900016784668,38.04999923706055,40.40999984741211,10281600.0,38.612606048583984
2020-03-02,41.04999923706055,41.41999816894531,39.779998779296875,41.41999816894531,7706700.0,39.577674865722656
2020-03-03,41.349998474121094,42.74399948120117,39.7400016784668,40.560001373291016,6765300.0,38.75593185424805
2020-03-04,41.45000076293945,41.970001220703125,40.209999084472656,41.90999984741211,4967000.0,40.04588317871094
2020-03-05,40.029998779296875,40.630001068115234,39.65999984741211,40.099998474121094,5447400.0,38.31638717651367
2020-03-06,38.720001220703125,39.689998626708984,38.310001373291016,38.970001220703125,6928400.0,37.23665237426758
2020-03-09,34.75,34.939998626708984,30.43000030517578,30.530000686645508,15081500.0,29.172056198120117
2020-03-10,32.5099983215332,33.33000183105469,29.315000534057617,31.399999618530273,12975400.0,30.00335693359375
2020-03-11,30.190000534057617,30.329999923706055,27.850000381469727,27.989999771118164,12444100.0,26.745031356811523
2020-03-12,25.450000762939453,26.389999389648438,22.389999389648438,23.670000076293945,18163300.0,22.6171817779541
2020-03-13,27.93000030517578,28.010000228881836,22.579999923706055,25.690000534057617,17350800.0,24.547332763671875
2020-03-16,23.100000381469727,25.43000030517578,21.950000762939453,22.0,12345400.0,21.021461486816406
2020-03-17,25.670000076293945,27.600000381469727,22.739999771118164,26.600000381469727,19873300.0,25.416858673095703
2020-03-18,24.84000015258789,28.290000915527344,24.510000228881836,26.440000534057617,16955900.0,25.263975143432617
2020-03-19,26.280000686645508,31.350000381469727,25.93000030517578,28.1200008392334,13893400.0,26.86924934387207
2020-03-20,28.59000015258789,29.690000534057617,26.59000015258789,27.440000534057617,12649100.0,26.21949577331543
2020-03-23,27.139999389648438,28.43000030517578,26.010000228881836,26.579999923706055,11703100.0,25.397747039794922
2020-03-24,28.65999984741211,29.959999084472656,26.899999618530273,28.469999313354492,12333600.0,27.20368003845215
2020-03-25,29.18000030517578,32.42499923706055,28.600000381469727,30.3799991607666,10539200.0,29.02872657775879
2020-03-26,30.280000686645508,31.299999237060547,28.950000762939453,29.68000030517578,14298600.0,28.35986328125
2020-03-27,28.0,29.261999130249023,26.920000076293945,28.559999465942383,9101400.0,27.2896785736084
2020-03-30,28.309999465942383,29.389999389648438,27.809999465942383,28.649999618530273,6817000.0,27.375675201416016
2020-03-31,28.549999237060547,30.079999923706055,28.450000762939453,29.239999771118164,7599900.0,27.939434051513672
2020-04-01,27.84000015258789,28.270000457763672,26.940000534057617,27.040000915527344,10339900.0,25.8372859954834
2020-04-02,27.110000610351562,29.84000015258789,26.924999237060547,28.030000686645508,10680300.0,26.783254623413086
2020-04-03,27.780000686645508,28.56999969482422,27.420000076293945,27.969999313354492,8005100.0,26.725919723510742
2020-04-06,29.530000686645508,30.979999542236328,29.5,30.540000915527344,8021100.0,29.181610107421875
2020-04-07,32.7599983215332,35.06999969482422,31.809999465942383,32.33000183105469,15028000.0,30.89199447631836
2020-04-08,32.970001220703125,34.939998626708984,32.36000061035156,34.790000915527344,7220700.0,33.242576599121094
2020-04-09,35.75,37.7400016784668,35.540000915527344,36.560001373291016,9892300.0,34.93384552001953
2020-04-13,36.470001220703125,36.900001525878906,34.56999969482422,35.22999954223633,7170600.0,33.663002014160156
2020-04-14,36.369998931884766,37.13999938964844,35.09000015258789,35.369998931884766,7348800.0,33.796775817871094
2020-04-15,33.849998474121094,33.849998474121094,31.8700008392334,32.22999954223633,7586700.0,30.79644012451172
2020-04-16,32.689998626708984,32.689998626708984,30.649999618530273,31.6299991607666,6918500.0,30.223125457763672
2020-04-17,33.040000915527344,34.060001373291016,32.599998474121094,33.41999816894531,6544100.0,31.933509826660156
2020-04-20,32.18000030517578,32.83000183105469,31.5,31.530000686645508,7140700.0,30.127578735351562
2020-04-21,30.399999618530273,31.15999984741211,29.6200008392334,30.8799991607666,7315100.0,29.506486892700195
2020-04-22,31.799999237060547,32.025001525878906,30.8799991607666,31.84000015258789,5338100.0,30.42378807067871
2020-04-23,32.099998474121094,33.33000183105469,32.0099983215332,32.560001373291016,7724700.0,31.11176109313965
2020-04-24,33.040000915527344,33.349998474121094,32.2400016784668,33.119998931884766,4979100.0,31.6468505859375
2020-04-27,33.310001373291016,34.744998931884766,32.810001373291016,34.439998626708984,4885900.0,32.90814208984375
2020-04-28,35.47999954223633,36.189998626708984,34.709999084472656,35.869998931884766,5868600.0,34.2745361328125
2020-04-29,37.0,38.09000015258789,36.900001525878906,37.470001220703125,6887300.0,35.80337142944336
2020-04-30,37.27000045776367,37.349998474121094,36.04999923706055,36.689998626708984,10990200.0,35.05806350708008
2020-05-01,34.72999954223633,35.09000015258789,33.540000915527344,33.93000030517578,8709300.0,32.42082595825195
2020-05-04,32.099998474121094,33.13999938964844,31.760000228881836,33.060001373291016,6248300.0,31.58952522277832
2020-05-05,33.630001068115234,34.54999923706055,33.22999954223633,33.369998931884766,5041600.0,31.885730743408203
2020-05-06,32.709999084472656,33.375,31.8799991607666,31.959999084472656,4601500.0,30.538450241088867
2020-05-07,32.529998779296875,33.79999923706055,32.5099983215332,32.849998474121094,5056200.0,31.38886070251465
2020-05-08,33.779998779296875,34.369998931884766,33.369998931884766,34.33000183105469,4324500.0,32.803035736083984
2020-05-11,34.20000076293945,34.2400016784668,33.08000183105469,33.900001525878906,4321000.0,32.39216232299805
2020-05-12,34.25,35.40999984741211,33.75,33.790000915527344,5675400.0,32.28705596923828
2020-05-13,33.5,33.5629997253418,31.790000915527344,32.349998474121094,5865200.0,30.911102294921875
2020-05-14,31.190000534057617,33.54999923706055,30.899999618530273,33.5099983215332,6187900.0,32.01950454711914
2020-05-15,33.209999084472656,33.97999954223633,32.83000183105469,33.560001373291016,4829200.0,32.06728744506836
2020-05-18,35.880001068115234,38.0099983215332,35.709999084472656,36.7400016784668,8546600.0,35.10584259033203
2020-05-19,36.630001068115234,36.68000030517578,35.58000183105469,35.63999938964844,4415500.0,34.05476760864258
2020-05-20,36.34000015258789,37.0,35.7599983215332,36.18000030517578,5656200.0,34.57075119018555
2020-05-21,36.0,36.7599983215332,35.65999984741211,35.81999969482422,3941800.0,34.22676086425781
2020-05-22,35.68000030517578,36.18000030517578,35.369998931884766,36.119998931884766,3040600.0,34.5134162902832
2020-05-26,38.36000061035156,38.95000076293945,37.91999816894531,38.790000915527344,6188600.0,37.064659118652344
2020-05-27,39.95000076293945,40.665000915527344,39.029998779296875,39.81999969482422,6895200.0,38.04884338378906
2020-05-28,39.56999969482422,39.689998626708984,38.349998474121094,38.709999084472656,5266800.0,37.65007019042969
2020-05-29,38.13999938964844,38.9900016784668,37.720001220703125,38.599998474121094,5254700.0,37.5430793762207
2020-06-01,38.61000061035156,39.0099983215332,38.18000030517578,38.61000061035156,3014400.0,37.55281066894531
2020-06-02,39.20000076293945,41.22999954223633,39.09000015258789,40.599998474121094,6083400.0,39.488319396972656
2020-06-03,41.4900016784668,42.29999923706055,41.459999084472656,41.630001068115234,5160600.0,40.490116119384766
2020-06-04,41.5,42.7599983215332,41.31999969482422,42.709999084472656,3901500.0,41.54054260253906
2020-06-05,44.709999084472656,45.72999954223633,43.83700180053711,43.970001220703125,7656600.0,42.76604461669922
2020-06-08,44.08000183105469,45.93000030517578,44.08000183105469,45.900001525878906,5727300.0,44.6431999206543
2020-06-09,44.470001220703125,44.81999969482422,43.91899871826172,44.40999984741211,5535400.0,43.19399642944336
2020-06-10,44.38999938964844,44.5,43.400001525878906,43.58000183105469,4267700.0,42.386722564697266
2020-06-11,41.224998474121094,42.040000915527344,38.95000076293945,39.2599983215332,9225100.0,38.18500900268555
2020-06-12,41.81999969482422,41.915000915527344,39.98500061035156,41.22999954223633,5033800.0,40.10106658935547
2020-06-15,39.47999954223633,42.45000076293945,39.290000915527344,41.97999954223633,5665300.0,40.83053207397461
2020-06-16,44.15999984741211,44.5,41.439998626708984,42.25,5592400.0,41.0931396484375
2020-06-17,42.70000076293945,42.79600143432617,41.029998779296875,41.16999816894531,3523600.0,40.04270935058594
2020-06-18,40.650001525878906,41.9900016784668,40.380001068115234,41.58000183105469,4106800.0,40.44148635864258
2020-06-19,42.630001068115234,43.0,41.470001220703125,41.650001525878906,7494400.0,40.50956726074219
2020-06-22,41.459999084472656,42.130001068115234,40.66999816894531,41.7400016784668,3316000.0,40.59710693359375
2020-06-23,42.47999954223633,42.47999954223633,41.33000183105469,41.349998474121094,3603900.0,40.21778106689453
2020-06-24,40.599998474121094,40.720001220703125,38.31999969482422,38.45000076293945,7707200.0,37.39719009399414
2020-06-25,38.0,40.029998779296875,37.68000030517578,39.97999954223633,5986900.0,38.88529586791992
2020-06-26,39.560001373291016,40.0,38.72999954223633,39.79999923706055,8333800.0,38.71022415161133
2020-06-29,40.36000061035156,41.19499969482422,40.189998626708984,40.97999954223633,7756700.0,39.857913970947266
2020-06-30,40.59000015258789,40.95000076293945,39.7599983215332,40.7599983215332,4835300.0,39.64393615722656
2020-07-01,40.75,41.29999923706055,40.33000183105469,40.75,4023600.0,39.634212493896484
2020-07-02,41.65999984741211,42.25,40.90999984741211,41.59000015258789,4017500.0,40.451210021972656
2020-07-06,42.630001068115234,42.779998779296875,41.560001373291016,42.45000076293945,4679000.0,41.28766632080078
2020-07-07,41.7400016784668,42.06999969482422,41.16999816894531,41.689998626708984,4535900.0,40.54846954345703
2020-07-08,41.4900016784668,41.779998779296875,39.6349983215332,40.349998474121094,4824200.0,39.24516296386719
2020-07-09,40.38999938964844,40.52000045776367,39.16999816894531,39.439998626708984,3671900.0,38.36008071899414
2020-07-10,39.439998626708984,40.81999969482422,39.42300033569336,40.7599983215332,3007800.0,39.64393615722656
2020-07-13,41.099998474121094,41.84000015258789,40.5,41.2400016784668,3089000.0,40.11079788208008
2020-07-14,41.31999969482422,42.68000030517578,41.2400016784668,42.439998626708984,4350800.0,41.27793502807617
2020-07-15,43.650001525878906,44.099998474121094,42.55500030517578,43.33000183105469,3788300.0,42.14356994628906
2020-07-16,43.189998626708984,44.26499938964844,42.84000015258789,43.83000183105469,4259800.0,42.629878997802734
2020-07-17,44.06999969482422,44.150001525878906,42.959999084472656,43.66999816894531,4610600.0,42.47425842285156
2020-07-20,43.34000015258789,43.67499923706055,42.119998931884766,42.29999923706055,3580900.0,41.14177322387695
2020-07-21,42.5,43.43000030517578,42.45000076293945,43.040000915527344,3399600.0,41.861507415771484
2020-07-22,42.939998626708984,44.5,42.8849983215332,44.34000015258789,5792500.0,43.125911712646484
2020-07-23,43.0,43.20000076293945,41.880001068115234,42.81999969482422,6574300.0,41.64753341674805
2020-07-24,42.81999969482422,43.47999954223633,42.29999923706055,42.61000061035156,2999600.0,41.44328308105469
2020-07-27,42.810001373291016,44.47999954223633,42.43000030517578,44.0,4733600.0,42.795223236083984
2020-07-28,43.7400016784668,44.02000045776367,42.59000015258789,42.619998931884766,3395400.0,41.453006744384766
2020-07-29,42.79999923706055,43.63600158691406,42.7400016784668,43.52000045776367,3186900.0,42.328365325927734
2020-07-30,42.65999984741211,42.83000183105469,41.34000015258789,41.72999954223633,4118700.0,40.58737564086914
2020-07-31,41.4900016784668,41.91999816894531,40.59000015258789,41.060001373291016,7463200.0,39.935726165771484
2020-08-03,41.220001220703125,41.2400016784668,40.08000183105469,40.09000015258789,5079900.0,38.99228286743164
2020-08-04,40.040000915527344,41.8650016784668,39.900001525878906,41.31999969482422,5408800.0,40.188602447509766
2020-08-05,41.900001525878906,42.47999954223633,41.75,41.9900016784668,3628800.0,40.84026336669922
2020-08-06,41.689998626708984,42.31700134277344,41.055999755859375,42.04999923706055,3724900.0,40.898616790771484
2020-08-07,41.58000183105469,42.665000915527344,41.444000244140625,42.630001068115234,2913100.0,41.462738037109375
2020-08-10,42.810001373291016,44.88999938964844,42.810001373291016,44.79999923706055,4245900.0,43.57331848144531
2020-08-11,45.540000915527344,46.06999969482422,44.34000015258789,44.5,4373800.0,43.281532287597656
2020-08-12,45.220001220703125,45.380001068115234,43.93000030517578,44.279998779296875,2577300.0,43.06755447387695
2020-08-13,43.86000061035156,44.869998931884766,43.709999084472656,44.43000030517578,2767100.0,43.21344757080078
2020-08-14,43.95000076293945,45.13999938964844,43.83000183105469,44.869998931884766,1998300.0,43.64139938354492
2020-08-17,45.099998474121094,45.439998626708984,44.209999084472656,44.459999084472656,3257300.0,43.24262619018555
2020-08-18,44.40999984741211,45.029998779296875,44.310001373291016,44.709999084472656,2447100.0,43.485782623291016
2020-08-19,44.689998626708984,45.099998474121094,44.25,44.63999938964844,3453400.0,43.41769790649414
2020-08-20,44.02000045776367,44.13999938964844,43.529998779296875,43.689998626708984,3324000.0,42.493709564208984
2020-08-21,43.5,43.869998931884766,43.25,43.59000015258789,2511600.0,42.39645004272461
2020-08-24,44.29999923706055,46.150001525878906,44.02000045776367,46.119998931884766,4606100.0,44.857173919677734
2020-08-25,46.40999984741211,46.65999984741211,45.472999572753906,45.59000015258789,4188000.0,44.3416862487793
2020-08-26,45.68000030517578,46.65999984741211,45.279998779296875,46.34000015258789,3928500.0,45.07114791870117
2020-08-27,46.68000030517578,46.95000076293945,45.810001373291016,46.15999984741211,3702300.0,44.896080017089844
2020-08-28,45.40999984741211,46.209999084472656,44.970001220703125,46.04999923706055,3772900.0,45.478759765625
2020-08-31,45.9900016784668,46.11000061035156,45.09000015258789,45.119998931884766,3916800.0,44.560298919677734
2020-09-01,44.790000915527344,47.279998779296875,44.470001220703125,47.27000045776367,5428300.0,46.68362808227539
2020-09-02,47.68000030517578,49.279998779296875,47.41999816894531,49.220001220703125,7305900.0,48.609439849853516
2020-09-03,49.279998779296875,49.79999923706055,47.91999816894531,48.38999938964844,6726900.0,47.78973388671875
2020-09-04,49.290000915527344,49.70000076293945,48.08000183105469,48.599998474121094,5325900.0,47.997127532958984
2020-09-08,47.689998626708984,48.415000915527344,47.435001373291016,47.93000030517578,4280800.0,47.33544158935547
2020-09-09,48.56999969482422,49.880001068115234,48.5,49.22999954223633,4168100.0,48.61931610107422
2020-09-10,49.29999923706055,49.75,48.65999984741211,48.70000076293945,4211300.0,48.095890045166016
2020-09-11,49.209999084472656,50.41999816894531,49.040000915527344,49.849998474121094,6225700.0,49.23162078857422
2020-09-14,50.06999969482422,50.5099983215332,49.69499969482422,50.09000015258789,5298900.0,49.46864700317383
2020-09-15,50.61000061035156,51.560001373291016,50.38999938964844,51.06999969482422,4771700.0,50.43648910522461
2020-09-16,50.189998626708984,51.099998474121094,49.43000030517578,49.70000076293945,5863500.0,49.0834846496582
2020-09-17,49.369998931884766,51.25,48.849998474121094,50.970001220703125,5253700.0,50.337730407714844
2020-09-18,50.529998779296875,51.22999954223633,50.25,50.369998931884766,6271100.0,49.74517059326172
2020-09-21,49.040000915527344,49.33000183105469,47.18000030517578,47.90999984741211,6468800.0,47.31568908691406
2020-09-22,47.97999954223633,48.154998779296875,47.20000076293945,47.79999923706055,4181900.0,47.207054138183594
2020-09-23,47.68000030517578,48.119998931884766,46.470001220703125,46.7400016784668,4018000.0,46.16020584106445
2020-09-24,46.66999816894531,46.9900016784668,45.689998626708984,46.40999984741211,4648700.0,45.83429718017578
2020-09-25,45.77000045776367,46.400001525878906,45.630001068115234,46.040000915527344,4090200.0,45.46888732910156
2020-09-28,46.5,48.279998779296875,46.5,47.47999954223633,3993100.0,46.891021728515625
2020-09-29,47.22999954223633,47.779998779296875,46.2599983215332,46.56999969482422,2716800.0,45.9923095703125
2020-09-30,47.189998626708984,48.119998931884766,46.61000061035156,47.04999923706055,4663200.0,46.46635437011719
2020-10-01,47.209999084472656,47.5,45.93000030517578,46.11000061035156,3407600.0,45.53801727294922
2020-10-02,45.369998931884766,47.470001220703125,45.130001068115234,47.310001373291016,4559000.0,46.7231330871582
2020-10-05,47.900001525878906,48.882999420166016,47.70000076293945,48.58000183105469,3913400.0,47.977378845214844
2020-10-06,49.119998931884766,49.790000915527344,47.86000061035156,47.880001068115234,4474700.0,47.28606033325195
2020-10-07,48.45000076293945,49.060001373291016,48.0,48.29999923706055,4506400.0,47.70085144042969
2020-10-08,48.619998931884766,49.40999984741211,48.47600173950195,49.380001068115234,2962000.0,48.7674560546875
2020-10-09,49.79999923706055,50.09000015258789,48.70000076293945,49.36000061035156,4472800.0,48.747703552246094
2020-10-12,49.400001525878906,49.5,48.262001037597656,48.58000183105469,3005700.0,47.977378845214844
2020-10-13,48.47999954223633,48.97999954223633,47.79999923706055,47.880001068115234,6832200.0,47.28606033325195
2020-10-14,47.84000015258789,48.970001220703125,47.41999816894531,48.83000183105469,5323900.0,48.22427749633789
2020-10-15,47.880001068115234,49.07500076293945,47.84000015258789,49.0099983215332,2793200.0,48.402042388916016
2020-10-16,49.369998931884766,49.994998931884766,49.130001068115234,49.29999923706055,2754300.0,48.688446044921875
2020-10-19,49.33000183105469,50.33000183105469,48.7400016784668,48.84000015258789,2903500.0,48.234153747558594
2020-10-20,49.349998474121094,50.150001525878906,49.209999084472656,49.34000015258789,2503600.0,48.72795104980469
2020-10-21,49.380001068115234,49.71500015258789,48.54999923706055,48.54999923706055,4092500.0,47.947750091552734
2020-10-22,49.810001373291016,50.15999984741211,47.150001525878906,48.81999969482422,5244000.0,48.21440124511719
2020-10-23,49.52000045776367,49.95000076293945,48.40999984741211,48.529998779296875,3123400.0,47.92799758911133
2020-10-26,47.939998626708984,48.13999938964844,46.81700134277344,47.150001525878906,4026400.0,46.56511688232422
2020-10-27,46.91999816894531,47.189998626708984,46.38999938964844,46.56999969482422,4141200.0,45.9923095703125
2020-10-28,44.939998626708984,45.70000076293945,44.33000183105469,45.18000030517578,6157100.0,44.61955261230469
2020-10-29,44.630001068115234,46.65999984741211,44.56999969482422,46.25,4300100.0,45.6762809753418
2020-10-30,45.86000061035156,46.189998626708984,44.72999954223633,45.4900016784668,5165900.0,44.92570877075195
2020-11-02,46.25,48.060001373291016,45.880001068115234,47.81999969482422,3675800.0,47.226806640625
2020-11-03,48.25,49.029998779296875,47.65999984741211,48.72999954223633,3293500.0,48.12551498413086
2020-11-04,47.95000076293945,48.34000015258789,46.25199890136719,46.45000076293945,4542300.0,45.873802185058594
2020-11-05,46.900001525878906,49.45000076293945,46.880001068115234,48.970001220703125,4253000.0,48.36254119873047
2020-11-06,49.22999954223633,49.81999969482422,48.03099822998047,48.22999954223633,3061500.0,47.631717681884766
2020-11-09,51.59000015258789,54.18000030517578,51.540000915527344,52.119998931884766,9208300.0,51.47346496582031
2020-11-10,52.33000183105469,53.70000076293945,52.06999969482422,53.459999084472656,6148700.0,52.79684066772461
2020-11-11,53.5,53.60499954223633,52.02000045776367,52.209999084472656,4118500.0,51.562347412109375
2020-11-12,51.7400016784668,52.06999969482422,50.540000915527344,51.040000915527344,3467600.0,50.406864166259766
2020-11-13,50.27000045776367,52.130001068115234,50.20000076293945,51.970001220703125,3482900.0,51.32532501220703
2020-11-16,53.54999923706055,53.939998626708984,52.13999938964844,53.93000030517578,4075600.0,53.26101303100586
2020-11-17,53.15999984741211,54.560001373291016,52.83000183105469,54.47999954223633,4795000.0,53.8041877746582
2020-11-18,54.650001525878906,56.275001525878906,54.529998779296875,55.29999923706055,5903500.0,54.614017486572266
2020-11-19,54.90999984741211,55.4900016784668,53.91999816894531,55.34000015258789,3514000.0,54.65352249145508
2020-11-20,55.06999969482422,55.41999816894531,54.279998779296875,54.72999954223633,2871700.0,54.05108642578125
2020-11-23,55.279998779296875,56.290000915527344,55.279998779296875,55.939998626708984,4560700.0,55.24607849121094
2020-11-24,57.0,58.18000030517578,56.61000061035156,57.72999954223633,4442800.0,57.01387405395508
2020-11-25,57.45000076293945,57.45000076293945,56.165000915527344,56.43000030517578,4158500.0,55.72999954223633
2020-11-27,55.90999984741211,56.04999923706055,55.0099983215332,55.400001525878906,2847400.0,55.400001525878906
2020-11-30,54.88999938964844,55.0,52.79999923706055,53.0099983215332,8760600.0,53.0099983215332
2020-12-01,54.43000030517578,54.43000030517578,52.900001525878906,53.529998779296875,4328700.0,53.529998779296875
2020-12-02,53.31999969482422,53.564998626708984,52.689998626708984,53.20000076293945,3723000.0,53.20000076293945
2020-12-03,52.9900016784668,53.888999938964844,52.79999923706055,53.599998474121094,3213800.0,53.599998474121094
2020-12-04,53.810001373291016,55.099998474121094,53.79999923706055,55.04999923706055,3294500.0,55.04999923706055
2020-12-07,54.93000030517578,54.939998626708984,53.02000045776367,53.209999084472656,3602700.0,53.209999084472656
2020-12-08,52.900001525878906,54.66999816894531,52.79999923706055,54.54999923706055,3161500.0,54.54999923706055
2020-12-09,54.939998626708984,55.75,54.349998474121094,54.65999984741211,3219100.0,54.65999984741211
2020-12-10,54.65999984741211,55.11000061035156,54.040000915527344,54.43000030517578,3402000.0,54.43000030517578
2020-12-11,54.290000915527344,54.45000076293945,53.56999969482422,54.0,2674800.0,54.0
2020-12-14,54.599998474121094,54.7599983215332,53.029998779296875,53.060001373291016,3121900.0,53.060001373291016
2020-12-15,53.849998474121094,54.150001525878906,53.150001525878906,54.130001068115234,2335500.0,54.130001068115234
2020-12-16,54.029998779296875,54.11000061035156,53.2400016784668,53.83000183105469,1948800.0,53.83000183105469
2020-12-17,54.20000076293945,54.33000183105469,53.584999084472656,53.83000183105469,2222300.0,53.83000183105469
2020-12-18,55.11000061035156,55.75,54.2400016784668,55.65999984741211,11536700.0,55.65999984741211
2020-12-21,54.04999923706055,55.20000076293945,53.72999954223633,55.08000183105469,4458800.0,55.08000183105469
2020-12-22,55.0099983215332,55.27000045776367,54.439998626708984,54.66999816894531,2268300.0,54.66999816894531
2020-12-23,55.02000045776367,55.77000045776367,54.72999954223633,54.75,2251600.0,54.75
2020-12-24,54.91999816894531,54.96799850463867,54.334999084472656,54.790000915527344,1074700.0,54.790000915527344
2020-12-28,55.27000045776367,55.77000045776367,54.18000030517578,54.290000915527344,3668200.0,54.290000915527344
2020-12-29,54.5,54.81999969482422,53.849998474121094,54.33000183105469,2222000.0,54.33000183105469
2020-12-30,54.349998474121094,55.65999984741211,54.29999923706055,55.470001220703125,3790000.0,55.470001220703125
2020-12-31,55.470001220703125,56.099998474121094,55.11000061035156,55.5,2661800.0,55.5
2021-01-04,55.81999969482422,56.12099838256836,53.650001525878906,54.040000915527344,4852800.0,54.040000915527344
2021-01-05,54.13999938964844,56.16999816894531,54.0,55.79999923706055,3112800.0,55.79999923706055
2021-01-06,56.95000076293945,59.209999084472656,56.54999923706055,58.43000030517578,6208400.0,58.43000030517578
2021-01-07,59.0,59.77000045776367,58.10499954223633,58.5099983215332,4437600.0,58.5099983215332
2021-01-08,58.369998931884766,58.86000061035156,57.75,58.209999084472656,4063500.0,58.209999084472656
2021-01-11,57.70000076293945,58.95000076293945,57.25,58.86000061035156,3455900.0,58.86000061035156
2021-01-12,59.31999969482422,61.209999084472656,59.0,61.040000915527344,6235700.0,61.040000915527344
2021-01-13,60.75,61.310001373291016,59.65999984741211,60.029998779296875,3236300.0,60.029998779296875
2021-01-14,60.209999084472656,60.5,59.41999816894531,59.650001525878906,3578800.0,59.650001525878906
2021-01-15,58.619998931884766,58.81999969482422,57.130001068115234,57.310001373291016,6692900.0,57.310001373291016
2021-01-19,57.7599983215332,58.20000076293945,56.33000183105469,57.54999923706055,4919300.0,57.54999923706055
2021-01-20,57.869998931884766,58.630001068115234,57.22999954223633,58.56999969482422,3724400.0,58.56999969482422
2021-01-21,58.5099983215332,58.77000045776367,57.310001373291016,57.560001373291016,3442000.0,57.560001373291016
2021-01-22,56.9900016784668,57.78499984741211,56.869998931884766,57.5,2621500.0,57.5
2021-01-25,56.86000061035156,57.41999816894531,55.65999984741211,57.22999954223633,3682400.0,57.22999954223633
2021-01-26,57.88999938964844,58.25,55.70000076293945,55.7400016784668,3060300.0,55.7400016784668
2021-01-27,54.63999938964844,55.08000183105469,52.65999984741211,54.38999938964844,6283500.0,54.38999938964844
2021-01-28,54.13999938964844,54.849998474121094,53.0,54.380001068115234,5817000.0,54.380001068115234
2021-01-29,53.849998474121094,54.70500183105469,51.7599983215332,51.900001525878906,8895400.0,51.900001525878906
2021-02-01,52.38999938964844,52.84000015258789,51.33000183105469,52.75,4128300.0,52.75
2021-02-02,53.560001373291016,54.869998931884766,52.869998931884766,54.61000061035156,5229500.0,54.61000061035156
2021-02-03,54.310001373291016,55.39500045776367,54.03900146484375,55.349998474121094,3984200.0,55.349998474121094
2021-02-04,55.470001220703125,56.369998931884766,54.81999969482422,56.34000015258789,4312200.0,56.34000015258789
2021-02-05,56.7400016784668,57.83000183105469,56.439998626708984,57.2400016784668,3732500.0,57.2400016784668
2021-02-08,57.75,58.2599983215332,57.209999084472656,57.349998474121094,2543200.0,57.349998474121094
2021-02-09,57.5,57.51499938964844,56.369998931884766,56.599998474121094,4209500.0,56.599998474121094
2021-02-10,57.0,58.380001068115234,56.47999954223633,57.66999816894531,3453000.0,57.66999816894531
2021-02-11,57.810001373291016,57.939998626708984,56.689998626708984,57.66999816894531,2326500.0,57.66999816894531
2021-02-12,57.560001373291016,58.27000045776367,57.44499969482422,58.150001525878906,1975100.0,58.150001525878906
2021-02-16,58.900001525878906,59.35499954223633,58.540000915527344,58.75,4072700.0,58.75
2021-02-17,58.58000183105469,58.90999984741211,57.61000061035156,58.540000915527344,3277800.0,58.540000915527344
2021-02-18,58.29999923706055,58.665000915527344,57.099998474121094,57.560001373291016,3112600.0,57.560001373291016
2021-02-19,57.75,60.529998779296875,57.75,60.38999938964844,4037100.0,60.38999938964844
2021-02-22,60.619998931884766,62.560001373291016,60.20000076293945,62.47999954223633,5672600.0,62.47999954223633
2021-02-23,62.939998626708984,62.970001220703125,61.5099983215332,62.119998931884766,3929194.0,62.119998931884766
